{"initial_reset_timestamp": 1612795117.005892, "timestamps": [1612795122.739678, 1612795133.813056, 1612795133.884618, 1612795133.9008682, 1612795133.968898, 1612795133.979518, 1612795134.020204, 1612795134.035451, 1612795134.072725, 1612795134.082047, 1612795134.124086, 1612795134.1394932, 1612795134.1473322, 1612795134.160414, 1612795134.203457, 1612795134.213859, 1612795134.2895439, 1612795134.312999, 1612795134.3273191, 1612795134.3345642, 1612795134.372021, 1612795134.413147, 1612795134.44292, 1612795134.474066, 1612795134.54622, 1612795134.561009, 1612795134.584676, 1612795134.6504881, 1612795134.734338, 1612795134.786538, 1612795134.828041, 1612795134.896777, 1612795134.913734, 1612795134.921864, 1612795134.936707, 1612795134.9562602, 1612795134.9659579, 1612795135.027201, 1612795135.04708, 1612795135.0550091, 1612795135.104844, 1612795135.136242, 1612795135.212477, 1612795135.224674, 1612795135.242832, 1612795135.261206, 1612795135.2742422, 1612795135.286649, 1612795135.304592, 1612795135.312177, 1612795135.3342779, 1612795135.357735, 1612795135.4011688, 1612795135.458354, 1612795135.4675882, 1612795135.4748092, 1612795135.4974248, 1612795135.5057201, 1612795135.512408, 1612795135.5198898, 1612795135.5980392, 1612795135.675374, 1612795135.702466, 1612795135.7156951, 1612795135.773676, 1612795135.815542, 1612795135.827133, 1612795135.861096, 1612795135.869966, 1612795135.930023, 1612795135.9773471, 1612795136.007751, 1612795136.031553, 1612795136.103853, 1612795136.130243, 1612795136.149088, 1612795136.156919, 1612795136.192582, 1612795136.271355, 1612795136.339293, 1612795136.34852, 1612795136.382462, 1612795136.391552, 1612795136.45213, 1612795136.4626591, 1612795136.5222988, 1612795136.585779, 1612795136.595608, 1612795136.613146, 1612795136.6369731, 1612795136.655493, 1612795136.6785972, 1612795136.700372, 1612795136.746472, 1612795136.758827, 1612795136.812877, 1612795136.877721, 1612795136.893522, 1612795136.9088829, 1612795136.970013], "episode_lengths": [6, 7, 11, 2, 11, 1, 6, 2, 6, 1, 7, 2, 1, 2, 7, 1, 11, 3, 2, 1, 6, 7, 4, 4, 11, 2, 4, 11, 11, 9, 7, 11, 2, 1, 2, 3, 1, 11, 3, 1, 9, 4, 11, 1, 3, 3, 2, 2, 3, 1, 3, 3, 6, 9, 1, 1, 4, 1, 1, 1, 11, 11, 4, 2, 9, 6, 1, 6, 1, 11, 7, 4, 3, 11, 4, 3, 1, 6, 11, 11, 1, 6, 1, 9, 1, 9, 11, 1, 3, 4, 3, 3, 3, 6, 1, 9, 11, 2, 2, 9], "episode_rewards": [-1.0, -1.0, 1.0, -1.0, 1.0, -1.0, -1.0, -1.0, -1.0, -1.0, -1.0, -1.0, -1.0, -1.0, -1.0, -1.0, 1.0, -1.0, -1.0, -1.0, -1.0, -1.0, -1.0, -1.0, 1.0, -1.0, -1.0, 1.0, 1.0, -1.0, -1.0, 1.0, -1.0, -1.0, -1.0, -1.0, -1.0, 1.0, -1.0, -1.0, -1.0, -1.0, 1.0, -1.0, -1.0, -1.0, -1.0, -1.0, -1.0, -1.0, -1.0, -1.0, -1.0, -1.0, -1.0, -1.0, -1.0, -1.0, -1.0, -1.0, 1.0, 1.0, -1.0, -1.0, -1.0, -1.0, -1.0, -1.0, -1.0, 1.0, -1.0, -1.0, -1.0, 1.0, -1.0, -1.0, -1.0, -1.0, 1.0, 1.0, -1.0, -1.0, -1.0, -1.0, -1.0, -1.0, 1.0, -1.0, -1.0, -1.0, -1.0, -1.0, -1.0, -1.0, -1.0, -1.0, 1.0, -1.0, -1.0, -1.0], "episode_rewards_2": [1.0, 1.0, -1.0, 1.0, -1.0, 1.0, 1.0, 1.0, 1.0, 1.0, 1.0, 1.0, 1.0, 1.0, 1.0, 1.0, -1.0, 1.0, 1.0, 1.0, 1.0, 1.0, 1.0, 1.0, -1.0, 1.0, 1.0, -1.0, -1.0, 1.0, 1.0, -1.0, 1.0, 1.0, 1.0, 1.0, 1.0, -1.0, 1.0, 1.0, 1.0, 1.0, -1.0, 1.0, 1.0, 1.0, 1.0, 1.0, 1.0, 1.0, 1.0, 1.0, 1.0, 1.0, 1.0, 1.0, 1.0, 1.0, 1.0, 1.0, -1.0, -1.0, 1.0, 1.0, 1.0, 1.0, 1.0, 1.0, 1.0, -1.0, 1.0, 1.0, 1.0, -1.0, 1.0, 1.0, 1.0, 1.0, -1.0, -1.0, 1.0, 1.0, 1.0, 1.0, 1.0, 1.0, -1.0, 1.0, 1.0, 1.0, 1.0, 1.0, 1.0, 1.0, 1.0, 1.0, -1.0, 1.0, 1.0, 1.0], "episode_types": ["t", "t", "t", "t", "t", "t", "t", "t", "t", "t", "t", "t", "t", "t", "t", "t", "t", "t", "t", "t", "t", "t", "t", "t", "t", "t", "t", "t", "t", "t", "t", "t", "t", "t", "t", "t", "t", "t", "t", "t", "t", "t", "t", "t", "t", "t", "t", "t", "t", "t", "t", "t", "t", "t", "t", "t", "t", "t", "t", "t", "t", "t", "t", "t", "t", "t", "t", "t", "t", "t", "t", "t", "t", "t", "t", "t", "t", "t", "t", "t", "t", "t", "t", "t", "t", "t", "t", "t", "t", "t", "t", "t", "t", "t", "t", "t", "t", "t", "t", "t", "t"]}